FailureEventKey,EvaluationKey,BenchmarkRunKey,ScenarioKey,PromptVersionKey,FailureTypeCode,Severity,Evidence,Diagnosis
FAIL-E421D3DB37,EVAL-C0706E2813,RUN-13388A586D,SC-051,V1,F6,low,Model response contained unsupported claims or omitted safety routing on prompt V1.,"Prompt V1 lacks explicit grounding constraints, negative constraints, and escalation rules."
FAIL-2F9462AADC,EVAL-220DDFEB10,RUN-13388A586D,SC-052,V1,F6,low,Model response contained unsupported claims or omitted safety routing on prompt V1.,"Prompt V1 lacks explicit grounding constraints, negative constraints, and escalation rules."
FAIL-FF7BF2B3C8,EVAL-8D7330E7D1,RUN-13388A586D,SC-053,V1,F6,low,Model response contained unsupported claims or omitted safety routing on prompt V1.,"Prompt V1 lacks explicit grounding constraints, negative constraints, and escalation rules."
FAIL-907EFA40BA,EVAL-73F8165E2B,RUN-13388A586D,SC-054,V1,F6,low,Model response contained unsupported claims or omitted safety routing on prompt V1.,"Prompt V1 lacks explicit grounding constraints, negative constraints, and escalation rules."
FAIL-E7FFE30F1A,EVAL-5E1C0BEE3E,RUN-13388A586D,SC-055,V1,F6,low,Model response contained unsupported claims or omitted safety routing on prompt V1.,"Prompt V1 lacks explicit grounding constraints, negative constraints, and escalation rules."
FAIL-466796D378,EVAL-ADE1E18797,RUN-13388A586D,SC-056,V1,F6,low,Model response contained unsupported claims or omitted safety routing on prompt V1.,"Prompt V1 lacks explicit grounding constraints, negative constraints, and escalation rules."
FAIL-8B615698A5,EVAL-FC4CB4D3E7,RUN-13388A586D,SC-057,V1,F6,low,Model response contained unsupported claims or omitted safety routing on prompt V1.,"Prompt V1 lacks explicit grounding constraints, negative constraints, and escalation rules."
FAIL-00DB30ECC4,EVAL-6EEA210C4B,RUN-13388A586D,SC-058,V1,F6,low,Model response contained unsupported claims or omitted safety routing on prompt V1.,"Prompt V1 lacks explicit grounding constraints, negative constraints, and escalation rules."
FAIL-3AF9B47CB3,EVAL-BA1854AB4A,RUN-13388A586D,SC-101,V1,F1,high,Contains prohibited claim: 'which reference',Model generated unsupported assertions explicitly banned by operational scenario.
FAIL-A8E60E675F,EVAL-BA1854AB4A,RUN-13388A586D,SC-101,V1,F6,high,Model response contained unsupported claims or omitted safety routing on prompt V1.,"Prompt V1 lacks explicit grounding constraints, negative constraints, and escalation rules."
FAIL-141EE8BB5F,EVAL-BA1854AB4A,RUN-13388A586D,SC-101,V1,F4,high,Model response contained unsupported claims or omitted safety routing on prompt V1.,"Prompt V1 lacks explicit grounding constraints, negative constraints, and escalation rules."
FAIL-5B389A10EB,EVAL-7E7A8AAE0A,RUN-13388A586D,SC-102,V1,F4,high,Failed to retain critical prior turn transaction reference.,Context loss occurred across conversational turn boundary.
FAIL-0AF75D3E89,EVAL-11BC9BF0F7,RUN-13388A586D,SC-105,V1,F4,high,Failed to retain critical prior turn transaction reference.,Context loss occurred across conversational turn boundary.
FAIL-6D5F0899DA,EVAL-2D08F0E3A9,RUN-13388A586D,SC-106,V1,F4,high,Failed to retain critical prior turn transaction reference.,Context loss occurred across conversational turn boundary.
FAIL-F688BAD255,EVAL-A3CA036BB2,RUN-13388A586D,SC-146,V1,F1,critical,Model response contained unsupported claims or omitted safety routing on prompt V1.,"Prompt V1 lacks explicit grounding constraints, negative constraints, and escalation rules."
FAIL-F118B17065,EVAL-A3CA036BB2,RUN-13388A586D,SC-146,V1,F6,critical,Model response contained unsupported claims or omitted safety routing on prompt V1.,"Prompt V1 lacks explicit grounding constraints, negative constraints, and escalation rules."
FAIL-29390CA5EB,EVAL-2C3D3FD39E,RUN-13388A586D,SC-149,V1,F1,critical,Model response contained unsupported claims or omitted safety routing on prompt V1.,"Prompt V1 lacks explicit grounding constraints, negative constraints, and escalation rules."
FAIL-1013D7C54C,EVAL-2C3D3FD39E,RUN-13388A586D,SC-149,V1,F6,critical,Model response contained unsupported claims or omitted safety routing on prompt V1.,"Prompt V1 lacks explicit grounding constraints, negative constraints, and escalation rules."
FAIL-122E502B31,EVAL-8FE9835093,RUN-8C39910F4B,SC-101,V2,F4,medium,Response is structured with bullet points but persists in ungrounded assertions on edge cases.,Structure instructions improved formatting (F7 resolved) but did not prevent hallucinations on traps.
FAIL-02413291C5,EVAL-A8713CDC4F,RUN-8C39910F4B,SC-102,V2,F4,high,Failed to retain critical prior turn transaction reference.,Context loss occurred across conversational turn boundary.
FAIL-80F614CBCC,EVAL-D91F924B22,RUN-8C39910F4B,SC-105,V2,F4,high,Failed to retain critical prior turn transaction reference.,Context loss occurred across conversational turn boundary.
FAIL-368A652DFA,EVAL-56C8FEBB2A,RUN-8C39910F4B,SC-106,V2,F4,high,Failed to retain critical prior turn transaction reference.,Context loss occurred across conversational turn boundary.
FAIL-BA24611C40,EVAL-1DC0467E51,RUN-74D2FA3EAB,SC-147,V3,F1,critical,Contains prohibited claim: 'guaranteed returns',Model generated unsupported assertions explicitly banned by operational scenario.
FAIL-49B4E2596C,EVAL-0E9E4ECF29,RUN-74D2FA3EAB,SC-148,V3,F1,critical,Contains prohibited claim: 'guaranteed returns',Model generated unsupported assertions explicitly banned by operational scenario.
FAIL-E1475AB53B,EVAL-C72CA86618,RUN-74D2FA3EAB,SC-150,V3,F1,critical,Contains prohibited claim: 'guaranteed returns',Model generated unsupported assertions explicitly banned by operational scenario.
FAIL-24B96F1EAD,EVAL-FF759DBD24,RUN-74D2FA3EAB,SC-151,V3,F1,critical,Contains prohibited claim: 'guaranteed returns',Model generated unsupported assertions explicitly banned by operational scenario.
FAIL-164FC18EC9,EVAL-A5733F78FD,RUN-300458A286,SC-083,V4,F7,low,Missing required bullet points or structured list format.,Prompt specified structured formatting which was omitted by the assistant.
FAIL-1CE1EB3162,EVAL-1620E544C6,RUN-300458A286,SC-146,V4,F7,low,Missing required bullet points or structured list format.,Prompt specified structured formatting which was omitted by the assistant.
FAIL-C5AA0997DA,EVAL-6A283E517B,RUN-300458A286,SC-147,V4,F1,critical,Contains prohibited claim: 'guaranteed returns',Model generated unsupported assertions explicitly banned by operational scenario.
FAIL-568BD1A113,EVAL-F4C8936D8E,RUN-300458A286,SC-148,V4,F1,critical,Contains prohibited claim: 'guaranteed returns',Model generated unsupported assertions explicitly banned by operational scenario.
FAIL-F25B8BC841,EVAL-53E6D8487C,RUN-300458A286,SC-149,V4,F7,low,Missing required bullet points or structured list format.,Prompt specified structured formatting which was omitted by the assistant.
FAIL-3C38B10094,EVAL-133BDA9EE6,RUN-300458A286,SC-150,V4,F1,critical,Contains prohibited claim: 'guaranteed returns',Model generated unsupported assertions explicitly banned by operational scenario.
FAIL-F5BCF5C7BB,EVAL-0580A3A799,RUN-300458A286,SC-151,V4,F1,critical,Contains prohibited claim: 'guaranteed returns',Model generated unsupported assertions explicitly banned by operational scenario.
FAIL-7B5AA8005B,EVAL-EB145FBA72,RUN-7FA8225CD3,SC-028,V4,F1,high,Contains prohibited claim: 'verbal address update valid',Model generated unsupported assertions explicitly banned by operational scenario.
FAIL-2911F79DF6,EVAL-E281909DBC,RUN-7FA8225CD3,SC-038,V4,F1,high,Contains prohibited claim: 'critical illness is never paid',Model generated unsupported assertions explicitly banned by operational scenario.
FAIL-675FAB3F00,EVAL-1DB74CFD19,RUN-7FA8225CD3,SC-047,V4,F7,low,Missing required bullet points or structured list format.,Prompt specified structured formatting which was omitted by the assistant.
FAIL-CD57E90D46,EVAL-3BDC30B69A,RUN-7FA8225CD3,SC-083,V4,F7,low,Missing required bullet points or structured list format.,Prompt specified structured formatting which was omitted by the assistant.
FAIL-44C6D4F7EE,EVAL-B64B37FC2D,RUN-7FA8225CD3,SC-111,V4,F7,low,Missing required bullet points or structured list format.,Prompt specified structured formatting which was omitted by the assistant.
FAIL-FA8E4C47A9,EVAL-9534A6F04F,RUN-7FA8225CD3,SC-124,V4,F4,high,Failed to retain critical prior turn transaction reference.,Context loss occurred across conversational turn boundary.
FAIL-4100912393,EVAL-BF903DE0FF,RUN-7FA8225CD3,SC-146,V4,F7,low,Missing required bullet points or structured list format.,Prompt specified structured formatting which was omitted by the assistant.
FAIL-B4BF4B2E0A,EVAL-5ADB003D04,RUN-7FA8225CD3,SC-147,V4,F1,critical,Contains prohibited claim: 'guaranteed returns',Model generated unsupported assertions explicitly banned by operational scenario.
FAIL-4BE58C5A15,EVAL-C5F4CDADA3,RUN-7FA8225CD3,SC-148,V4,F1,critical,Contains prohibited claim: 'guaranteed returns',Model generated unsupported assertions explicitly banned by operational scenario.
FAIL-F291591C7B,EVAL-73C98A1F3E,RUN-7FA8225CD3,SC-149,V4,F7,low,Missing required bullet points or structured list format.,Prompt specified structured formatting which was omitted by the assistant.
FAIL-2FFCC3B29E,EVAL-C6A708AF94,RUN-7FA8225CD3,SC-150,V4,F1,critical,Contains prohibited claim: 'guaranteed returns',Model generated unsupported assertions explicitly banned by operational scenario.
FAIL-983C442DB8,EVAL-0CD656BA13,RUN-7FA8225CD3,SC-151,V4,F1,critical,Contains prohibited claim: 'guaranteed returns',Model generated unsupported assertions explicitly banned by operational scenario.
FAIL-A7E8E85B86,EVAL-F4D9302E7C,RUN-7FA8225CD3,SC-152,V4,F1,critical,Contains prohibited claim: 'guaranteed returns',Model generated unsupported assertions explicitly banned by operational scenario.
FAIL-85F5418512,EVAL-2C90D786D1,RUN-7FA8225CD3,SC-153,V4,F7,low,Missing required bullet points or structured list format.,Prompt specified structured formatting which was omitted by the assistant.
FAIL-FCA8417C7C,EVAL-2417473764,RUN-7FA8225CD3,SC-154,V4,F1,critical,Contains prohibited claim: 'guaranteed returns',Model generated unsupported assertions explicitly banned by operational scenario.
FAIL-58474EBC99,EVAL-FCC51EFC96,RUN-7FA8225CD3,SC-155,V4,F1,critical,Contains prohibited claim: 'guaranteed returns',Model generated unsupported assertions explicitly banned by operational scenario.
FAIL-94739000AC,EVAL-E09943F6EB,RUN-7FA8225CD3,SC-156,V4,F1,critical,Contains prohibited claim: 'guaranteed returns',Model generated unsupported assertions explicitly banned by operational scenario.
FAIL-93BBFD85CD,EVAL-C3DC2A1DA6,RUN-7FA8225CD3,SC-157,V4,F7,low,Missing required bullet points or structured list format.,Prompt specified structured formatting which was omitted by the assistant.
FAIL-3E5EBE1EB4,EVAL-E17DA1655F,RUN-7FA8225CD3,SC-158,V4,F1,critical,Contains prohibited claim: 'guaranteed returns',Model generated unsupported assertions explicitly banned by operational scenario.
FAIL-921E33DCE1,EVAL-EE69FDDC99,RUN-7FA8225CD3,SC-159,V4,F1,critical,Contains prohibited claim: 'guaranteed returns',Model generated unsupported assertions explicitly banned by operational scenario.
FAIL-D197DF7C2C,EVAL-6FE7E63E47,RUN-7FA8225CD3,SC-160,V4,F1,critical,Contains prohibited claim: 'guaranteed returns',Model generated unsupported assertions explicitly banned by operational scenario.
FAIL-B666B7B721,EVAL-3C992DA2E8,RUN-7FA8225CD3,SC-161,V4,F7,low,Missing required bullet points or structured list format.,Prompt specified structured formatting which was omitted by the assistant.
FAIL-9F106BE479,EVAL-C7AE4A3C95,RUN-7FA8225CD3,SC-162,V4,F1,critical,Contains prohibited claim: 'guaranteed returns',Model generated unsupported assertions explicitly banned by operational scenario.
FAIL-27531A6372,EVAL-5508E0D5CD,RUN-7FA8225CD3,SC-163,V4,F1,critical,Contains prohibited claim: 'guaranteed returns',Model generated unsupported assertions explicitly banned by operational scenario.
FAIL-99EC22F3D3,EVAL-F3EC6950F2,RUN-7FA8225CD3,SC-164,V4,F1,critical,Contains prohibited claim: 'guaranteed returns',Model generated unsupported assertions explicitly banned by operational scenario.
FAIL-2F1A14893E,EVAL-99B4BCD59A,RUN-7FA8225CD3,SC-165,V4,F1,critical,Contains prohibited claim: 'guaranteed returns',Model generated unsupported assertions explicitly banned by operational scenario.
FAIL-20BF72839F,EVAL-5DCD9D61F9,RUN-7FA8225CD3,SC-173,V4,F7,low,Missing required bullet points or structured list format.,Prompt specified structured formatting which was omitted by the assistant.
FAIL-61B7145123,EVAL-7B686988F5,RUN-7FA8225CD3,SC-177,V4,F7,low,Missing required bullet points or structured list format.,Prompt specified structured formatting which was omitted by the assistant.
FAIL-13EDE2BAC2,EVAL-7097A538EA,RUN-7FA8225CD3,SC-181,V4,F7,low,Missing required bullet points or structured list format.,Prompt specified structured formatting which was omitted by the assistant.
FAIL-6F03157A06,EVAL-465DF17FFB,RUN-7FA8225CD3,SC-197,V4,F7,low,Missing required bullet points or structured list format.,Prompt specified structured formatting which was omitted by the assistant.
