knowledge_id,domain,topic,fact,allowed_claims,prohibited_claims,source_label
KB_PAY_001,Payments,Failed UPI Transaction Deduction,"If money is deducted for a UPI payment marked Failed, the banking network reconciliation window is T+2 business days. If not settled, funds auto-reverse to the remitter account.","[""Funds auto-reverse within T+2 business days"", ""Failed status means merchant has not received settlement"", ""Check bank statement after reconciliation window""]","[""Guarantee immediate cash refund within 5 minutes"", ""Confirm payment reached merchant when marked failed"", ""Request customer UPI PIN or OTP""]",Synthetic Knowledge Base
KB_PAY_002,Payments,Pending Transaction Settlement,A pending payment is awaiting final confirmation from the beneficiary bank switch. It is neither confirmed successful nor irrevocably failed until switch reconciliation completes.,"[""Pending means awaiting terminal switch status"", ""Do not retry immediate duplicate payment to avoid double debit"", ""Status updates automatically within 24 hours""]","[""State pending transaction has definitely succeeded"", ""State pending transaction has definitely failed"", ""Authorize manual balance override""]",Synthetic Knowledge Base
KB_PAY_003,Payments,Duplicate Payment Debit,"When duplicate debits occur for a single order reference, secondary debit references undergo automatic batch clearing within 3 to 5 banking days.","[""Duplicate charge enters automated clearing"", ""Secondary charge reverses to source account"", ""Track using 12-digit UTR""]","[""Claim duplicate debits cannot occur"", ""Manually release locked funds on demand"", ""Promise instant credit across different bank networks""]",Synthetic Knowledge Base
KB_PAY_004,Payments,UPI Autopay Mandate Revocation,An active UPI autopay mandate must be cancelled at least 24 hours prior to the scheduled execution date to prevent subsequent debit.,"[""Revoke mandate in app mandate settings"", ""Must cancel 24 hours prior to debit schedule"", ""Cancelled mandate generates confirmation reference""]","[""Guarantee refund for already executed scheduled mandate"", ""Mandates can be revoked retroactively after debit execution"", ""Request banking login password""]",Synthetic Knowledge Base
KB_PAY_005,Payments,Merchant Refund SLA,Merchant refunds initiated via card or net banking credit within 5-7 working days depending on the acquiring bank route; UPI credits take 2-4 business days.,"[""UPI refunds take 2-4 business days"", ""Card/Net banking refunds take 5-7 working days"", ""Refund ARN or RRN can be tracked with remitter bank""]","[""Promise instant wallet cash payout for merchant returns"", ""Alter merchant return policies"", ""Guarantee immediate Saturday/Sunday clearing""]",Synthetic Knowledge Base
KB_PAY_006,Payments,Incorrect UPI ID Transfer,Transfers completed to a valid registered third-party UPI VPA cannot be reversed unilaterally by the platform; customer must initiate inter-bank dispute through the remitter bank branch.,"[""Completed transfers to valid recipients cannot be cancelled by support"", ""Customer must file dispute with their issuing bank branch"", ""Platform provides UTR for dispute logging""]","[""Promise support will seize recipient bank funds"", ""Share recipient personal phone number or home address"", ""Guarantee 100% fund recovery""]",Synthetic Knowledge Base
KB_PAY_007,Payments,Daily UPI Transaction Limits,"The standard platform limit for synthetic peer-to-merchant UPI transactions is INR 1,00,000 per 24-hour cycle, subject to individual issuing bank caps.","[""Standard daily cap is 1,00,000 INR"", ""Individual bank caps may be lower"", ""Limit resets 24 hours from initial transaction window""]","[""Manually override bank-level NPCI clearing limits"", ""Promise unlimited instant UPI transfers"", ""Bypass regulatory KYC limits""]",Synthetic Knowledge Base
KB_PAY_008,Payments,International Card Payment Decline,Cross-border payments decline if international usage is disabled at the card level or if synthetic foreign currency markup exceeds card limit.,"[""Verify international card toggle in mobile app card controls"", ""Ensure adequate limit including synthetic FX markup"", ""Check OTP delivery for 3D Secure verification""]","[""Authorize foreign exchange bypassing RBI/regulatory rules"", ""Process card transactions without CVV/OTP"", ""Guarantee exchange rate freeze""]",Synthetic Knowledge Base
KB_PAY_009,Payments,QR Code Payment Timeout,Dynamic QR codes expire after 7 minutes. Payments attempted after QR expiration generate immediate rejection or automated reversal.,"[""Dynamic QR codes expire in 7 minutes"", ""Expired QR payments auto-reverse to bank account"", ""Customer should generate fresh QR code for retry""]","[""Accept funds against expired invoice"", ""Manually mark expired QR order as fulfilled"", ""Advise paying to personal VPA""]",Synthetic Knowledge Base
KB_PAY_010,Payments,Payment Gateway 504 Gateway Timeout,A 504 timeout indicates server communication latency between payment aggregator and card network; debit confirmation requires webhook reconciliation.,"[""Timeout indicates intermediary communication lag"", ""Wait 15 minutes before re-attempting transaction"", ""Status settles to Success or Reversal upon webhook receipt""]","[""Assume funds are lost permanently"", ""State payment failed without checking bank debit"", ""Instruct user to clear browser cache to recover money""]",Synthetic Knowledge Base
KB_PAY_011,Payments,Credit Card Bill Payment Settlement Window,Payments to credit card bills via BBPS reflect in card issuer ledger within T+3 working days; payments made on due dates after 8 PM may register next business day.,"[""BBPS credit card payments take up to T+3 working days"", ""Make payments before cut-off to avoid late fee risk"", ""Receipt reference number serves as proof of payment""]","[""Waive issuing bank late payment interest directly"", ""Promise zero-latency instant posting on third-party card networks"", ""Alter customer card due date""]",Synthetic Knowledge Base
KB_PAY_012,Payments,Suspected Fraudulent Debit Notification,"If customer reports an unrecognized debit transaction, the account card/UPI access must be frozen immediately and transferred to the Fraud Operations Escalation desk.","[""Direct customer to freeze card/block UPI in security settings"", ""Escalate case to Fraud Operations team immediately"", ""Log dispute ticket number for tracking""]","[""Dismiss customer fraud allegation as user error"", ""Delay block action while investigating details"", ""Ask customer to provide account password or MPIN""]",Synthetic Knowledge Base
KB_PAY_013,Payments,Cashback Credit Timeline,"Promotional cashback credits are processed within 72 hours of transaction settlement into synthetic rewards ledger, provided campaign criteria are met.","[""Eligible cashback posts within 72 hours"", ""Requires verified transaction settlement"", ""Subject to published campaign terms""]","[""Manually disburse cash bonus to external bank account"", ""Guarantee cashback if transaction was reversed or failed"", ""Alter campaign eligibility criteria""]",Synthetic Knowledge Base
KB_PAY_014,Payments,Wallet to Bank Account Transfer Fee,Transferring balance from synthetic prepaid wallet to bank account incurs a 1.5% convenience fee for non-KYC upgraded accounts; 0% fee for full-KYC accounts.,"[""Non-KYC transfers incur 1.5% fee"", ""Full-KYC accounts enjoy 0% transfer fee"", ""Complete video KYC to unlock zero fee""]","[""Waive fees without KYC completion"", ""Allow wallet cash withdrawal exceeding regulatory limit"", ""Process wallet transfer to third-party unnamed accounts without KYC""]",Synthetic Knowledge Base
KB_PAY_015,Payments,Virtual Payment Address (VPA) Change,Users can link up to 3 custom VPAs per synthetic registered mobile number; existing transaction histories remain anchored to mobile customer ID.,"[""Up to 3 VPAs permitted per profile"", ""Historical statements remain accessible under customer ID"", ""Previous VPA releases after 30 days dormancy""]","[""Transfer historical transaction records to another customer ID"", ""Delete audit logs of previous transactions"", ""Create anonymous unlinked VPAs""]",Synthetic Knowledge Base
KB_LOAN_001,Lending,EMI Due Date Modification,EMI due dates are fixed upon loan contract execution and cannot be modified mid-tenure under synthetic standard lending terms.,"[""EMI due dates are contractual and fixed"", ""Repayment schedule cannot be changed mid-tenure"", ""Advance prepayment is permitted without changing due date""]","[""Promise customer they can change EMI date to whenever they want"", ""Alter loan agreement terms verbally"", ""Guarantee zero penalty for delayed EMI payment""]",Synthetic Knowledge Base
KB_LOAN_002,Lending,Missed EMI Payment Consequence,A missed EMI incurs a late fee of INR 500 plus applicable taxes and is reported to synthetic credit rating bureaus after 30 days past due.,"[""Late fee of INR 500 + taxes applies"", ""Bureau reporting occurs after 30 days delinquency"", ""Immediate repayment available via app repayment link""]","[""Promise credit bureau record will not be affected"", ""Waive contractual late fees unconditionally"", ""Offer informal unrecorded loan grace periods""]",Synthetic Knowledge Base
KB_LOAN_003,Lending,Loan Preclosure Charges & Process,Floating rate personal loans have 0% foreclosure charges after 6 completed EMIs; fixed rate loans carry a 2% preclosure fee on outstanding principal.,"[""0% preclosure charge for floating rate loans after 6 EMIs"", ""2% preclosure charge on outstanding balance for fixed rate loans"", ""Foreclosure letter generated in app upon final settlement""]","[""Allow preclosure before payment of accrued interest"", ""State foreclosure is impossible before full tenure"", ""Accept cash payments directly without receipt""]",Synthetic Knowledge Base
KB_LOAN_004,Lending,No Objection Certificate (NOC) Issuance,"Upon complete loan clearance and balance verification, the synthetic loan NOC is issued digitally in the document vault within 7 working days.","[""Digital NOC generated within 7 working days of closure"", ""Available for download in customer document portal"", ""Physical copy dispatch available on request""]","[""Issue NOC while pending dues or charges remain"", ""Promise same-hour NOC issuance before ledger reconciliation"", ""Demand extra unofficial documentation fees""]",Synthetic Knowledge Base
KB_LOAN_005,Lending,NACH / e-Mandate Bounce Charges,"If an automated NACH mandate returns unpaid due to insufficient funds, a synthetic mandate bounce fee of INR 350 is levied by the lending platform in addition to bank charges.","[""Platform mandate bounce fee is INR 350"", ""Customer bank may levy separate bounce charges"", ""Maintain adequate balance 24 hours prior to EMI date""]","[""Refund customer issuing bank mandate return charges"", ""Guarantee bank will waive external penalty"", ""Stop scheduled mandate presentation without formal loan pause""]",Synthetic Knowledge Base
KB_LOAN_006,Lending,Loan Eligibility and Credit Score Criteria,Synthetic personal loan approval requires a minimum bureau credit score of 720 and a debt-to-income ratio below 45%; actual approval is subject to automated underwriting.,"[""Minimum benchmark bureau score is 720"", ""DTI ratio must be below 45%"", ""Underwriting decisions are automated based on income and liabilities""]","[""Guarantee loan approval to any applicant"", ""Approve loan applications directly in chat"", ""Promise loans without bureau or income verification""]",Synthetic Knowledge Base
KB_LOAN_007,Lending,Part-Payment Policy,Borrowers may make part-prepayments with a minimum value of 2 EMI equivalents; part-payments reduce outstanding principal and adjust subsequent EMI amount or tenure.,"[""Minimum part-prepayment is 2 EMI amounts"", ""Reduces principal balance directly"", ""Borrower can choose lower EMI or shorter tenure in app""]","[""Accept micro-prepayments under minimum threshold"", ""Refuse principal adjustment on part-payment"", ""Charge penalty on floating rate personal part-payment""]",Synthetic Knowledge Base
KB_LOAN_008,Lending,Income Document Requirements,Salaried applicants must submit last 3 months salary slips and 6 months bank statements; self-employed applicants require 2 years ITR computation and 12 months bank statements.,"[""Salaried: 3 months salary slips and 6 months bank statement"", ""Self-employed: 2 years ITR and 12 months bank statements"", ""Upload in PDF format through customer portal""]","[""Exempt documentation requirements verbally"", ""Accept fabricated financial proofs"", ""Promise loans without income verification""]",Synthetic Knowledge Base
KB_LOAN_009,Lending,Loan Moratorium Policy,Moratorium or payment holiday options are not available on standard consumer personal loans except during regulatory emergency relief notifications.,"[""Moratorium is not offered on standard personal loans"", ""Regular repayments must be maintained to avoid late fees"", ""Contact special servicing desk for financial hardship escalation""]","[""Grant immediate payment holiday in chat"", ""Promise zero interest accrual during missed period"", ""Erase loan obligations""]",Synthetic Knowledge Base
KB_LOAN_010,Lending,Credit Bureau Dispute Resolution,Discrepancies in reported synthetic loan repayment status are investigated and corrected with credit bureaus within 30 statutory days upon submitting clearance proof.,"[""Disputes investigated within 30 days"", ""Requires submission of payment receipt / bank statement"", ""Bureau records updated upon underwriting verification""]","[""Delete legitimate default history from credit bureau"", ""Promise 24-hour credit score restoration"", ""Charge fees for credit record corrections""]",Synthetic Knowledge Base
KB_LOAN_011,Lending,Interest Calculation Method,Interest on synthetic personal loans is computed on a daily reducing balance method at the contractual annual percentage rate divided by 365.,"[""Calculated on daily reducing balance method"", ""Interest applies only to unpaid principal balance"", ""Detailed amortization schedule visible in loan overview""]","[""Calculate using flat rate while advertising reducing rate"", ""Alter agreed interest rate without formal notice"", ""Charge interest on fully cleared loans""]",Synthetic Knowledge Base
KB_LOAN_012,Lending,Loan Disbursement Timeline,"Once e-sign agreement and digital mandate registration succeed, approved loan funds disburse to verified beneficiary bank accounts within 4 hours.","[""Disbursement occurs within 4 hours of e-sign and mandate setup"", ""Disbursed only to primary verified bank account"", ""UTR reference generated upon transfer""]","[""Disburse loans into third-party unverified bank accounts"", ""Guarantee disbursement before mandate verification"", ""Request upfront processing fee via personal UPI""]",Synthetic Knowledge Base
KB_LOAN_013,Lending,Co-Applicant Removal Request,A co-applicant cannot be removed from an active loan facility unless the loan is refinanced or the primary borrower demonstrates standalone credit qualification.,"[""Co-applicant removal requires refinancing or full re-underwriting"", ""Primary borrower must qualify individually for outstanding debt"", ""Requires joint written application""]","[""Release co-applicant liability immediately in chat"", ""Remove co-applicant without underwriting review"", ""Accept unilateral removal without co-borrower consent""]",Synthetic Knowledge Base
KB_LOAN_014,Lending,Address Change on Loan Account,"Address updates require submission of an officially valid document (OVD) such as Aadhaar, Passport, or synthetic utility bill dated within 60 days.","[""Submit valid address proof in document portal"", ""OVD verification completes within 2 business days"", ""Updated address reflects on future loan notices""]","[""Update legal address based on unverified chat request"", ""Accept expired documents"", ""Change jurisdiction to avoid recovery notices""]",Synthetic Knowledge Base
KB_LOAN_015,Lending,Top-up Loan Eligibility,Existing borrowers with at least 9 consecutive on-time EMI repayments and zero default history are eligible to apply for top-up borrowing.,"[""Requires 9 consecutive on-time EMI payments"", ""Requires clean repayment record"", ""Top-up subject to fresh affordability assessment""]","[""Guarantee top-up approval to defaulting borrowers"", ""Disburse top-up without income or bureau check"", ""Stack top-ups beyond prudential debt caps""]",Synthetic Knowledge Base
KB_INS_001,Insurance,Health Insurance Cashless Claim Pre-Authorization,Cashless pre-authorization requests for planned hospital admissions must be submitted to the third-party administrator (TPA) at least 48 hours prior to hospitalization.,"[""Planned admission pre-authorization SLA is 48 hours prior"", ""Emergency admissions require intimation within 24 hours"", ""Hospital TPA desk facilitates submission""]","[""Guarantee 100% bill clearance without policy exclusions"", ""Override TPA medical necessity review"", ""Promise cash payout at hospital gate""]",Synthetic Knowledge Base
KB_INS_002,Insurance,Health Policy Grace Period,A grace period of 30 days is provided for annual premium renewal; policy coverage is inactive for claims arising during the unpaid grace window.,"[""30-day grace period for annual renewal payment"", ""Claims occurring during unpaid gap are not covered"", ""Continuity benefits like waiting periods are preserved upon payment""]","[""Honor medical claims during lapse period"", ""Extend grace period indefinitely"", ""Waive premium payments permanently""]",Synthetic Knowledge Base
KB_INS_003,Insurance,Free-Look Cancellation Period,A 15-day free-look period (30 days for electronic policies) applies from policy receipt date; premium is refunded minus proportionate risk coverage and medical test costs.,"[""15 days for physical / 30 days for digital policy free-look"", ""Proportionate risk premium and stamp duty deducted"", ""Initiate cancellation through policy servicing dashboard""]","[""Refuse free-look refund within statutory window"", ""Refund 100% if medical tests were conducted by insurer"", ""Cancel policy without customer authorization""]",Synthetic Knowledge Base
KB_INS_004,Insurance,Pre-Existing Disease (PED) Waiting Period,Standard health insurance policies mandate a 36-month waiting period for pre-existing medical conditions disclosed during proposal inception.,"[""PED waiting period is 36 consecutive policy months"", ""Conditions must be declared at time of application"", ""Accidental emergencies are covered from day one""]","[""Waive PED waiting period in chat"", ""Advise non-disclosure of medical history"", ""Claim chronic ailments are covered instantly""]",Synthetic Knowledge Base
KB_INS_005,Insurance,Motor Insurance No Claim Bonus (NCB),No Claim Bonus ranges from 20% to 50% discount on own-damage premium; any registered claim in the preceding policy year resets NCB to 0%.,"[""NCB discount starts at 20% and caps at 50%"", ""Filing a claim resets NCB to 0% for renewal"", ""NCB is transferable when replacing insured vehicle""]","[""Protect NCB without NCB-protect add-on cover"", ""Transfer NCB between unrelated individuals"", ""Fabricate zero-claim certificates""]",Synthetic Knowledge Base
KB_INS_006,Insurance,Nominee Endorsement Procedure,Policyholders can update nominee details by submitting Section 39 nomination endorsement form along with relationship proof and nominee photo ID.,"[""Nominee updates require relationship proof and ID"", ""Process through online policy services portal"", ""Updated endorsement schedule issued within 3 days""]","[""Designate unrelated minor without legal appointee"", ""Change nomination on deceased policyholder without legal heirship"", ""Withhold death claim proceeds from registered nominee""]",Synthetic Knowledge Base
KB_INS_007,Insurance,Reimbursement Claim Submission SLA,Reimbursement medical claim documentation including original bills and discharge summary must be submitted within 30 days of hospital discharge.,"[""Submit claim documents within 30 days of discharge"", ""Original hospital invoices and prescriptions required"", ""Digital submission supported with physical verification""]","[""Accept claims without hospital bills or doctor prescriptions"", ""Promise payout without verifying claim documents"", ""Waive statutory claim filing time limits unilaterally""]",Synthetic Knowledge Base
KB_INS_008,Insurance,Critical Illness Survival Period,Critical illness benefit payout requires the insured to survive a mandatory 30-day period following first clinical diagnosis of the covered condition.,"[""Mandatory 30-day survival period after diagnosis"", ""Diagnosis must be certified by registered specialist doctor"", ""Lump sum benefit paid upon claim approval""]","[""Disburse critical illness benefit without survival verification"", ""Cover conditions outside contractual schedule"", ""Offer medical diagnoses or clinical advice""]",Synthetic Knowledge Base
KB_INS_009,Insurance,Term Life Suicide Exclusion Clause,"In synthetic term life policies, death resulting from suicide within 12 months from policy inception or revival date is excluded from death benefit payout.","[""Suicide excluded within first 12 months of inception/revival"", ""80% of premiums paid refunded to nominee under standard terms"", ""Full coverage active after 12 months""]","[""Promise full sum assured payout within initial 12 months"", ""Provide unauthorized legal advice on disputed claims"", ""Alter policy exclusions""]",Synthetic Knowledge Base
KB_INS_010,Insurance,Motor Third-Party Damage Intimation,Accidents involving third-party property damage or bodily injury require mandatory police FIR copy and immediate insurer surveyor intimation within 48 hours.,"[""Mandatory FIR required for third-party accidents"", ""Intimate insurer within 48 hours for survey"", ""Surveyor inspection must precede vehicle repair""]","[""Authorize repair without insurance surveyor inspection"", ""Settle third-party liabilities out of pocket on behalf of insurer"", ""Falsify accident location or vehicle driver details""]",Synthetic Knowledge Base
KB_INV_001,Investments,Mutual Fund Redemption NAV Applicability,"For equity mutual fund redemption requests submitted before 3:00 PM cut-off on business days, the same-day closing NAV applies; after 3:00 PM, next business day NAV applies.","[""Cut-off time is 3:00 PM for same-day NAV"", ""Orders after 3:00 PM receive next business day NAV"", ""Settlement proceeds credit within T+2 business days""]","[""Guarantee future NAV pricing or market gains"", ""Override exchange cut-off timestamps"", ""Provide personalized stock or mutual fund picking advice""]",Synthetic Knowledge Base
KB_INV_002,Investments,SIP Pause Facility,Investors may pause an active Systematic Investment Plan (SIP) for up to 3 consecutive months by submitting a request at least 7 days before the next debit date.,"[""SIP pause permitted for 1 to 3 months"", ""Must submit pause request 7 days before debit"", ""SIP auto-resumes after pause period expires""]","[""Guarantee market timing returns from pausing SIP"", ""Charge penalty fees for pausing SIP"", ""Delete accumulated mutual fund units on pause""]",Synthetic Knowledge Base
KB_INV_003,Investments,Mandatory Re-KYC Compliance,Periodic re-KYC is mandatory every 2 years for high-risk profiles and every 5 years for normal profiles; failure to update locks redemption transactions.,"[""Re-KYC required periodically under regulations"", ""Uncompleted re-KYC temporarily halts redemptions"", ""Complete digital re-KYC using Aadhaar OTP in profile""]","[""Allow asset liquidations with expired KYC"", ""Exempt users from AML/KYC regulations"", ""Request banking login credentials for KYC""]",Synthetic Knowledge Base
KB_INV_004,Investments,Capital Gains Statement Availability,Consolidated capital gains statements for the preceding financial year are made available for download in the tax reports section by May 15.,"[""Capital gains statements available by May 15"", ""Downloadable from tax reports dashboard"", ""Covers realized gains, dividend income, and STT""]","[""Provide certified tax filing advisory"", ""Calculate individualized income tax liability for filing"", ""Alter reported purchase or sale timestamps""]",Synthetic Knowledge Base
KB_INV_005,Investments,Demat Account Inoperative Status,A demat account with zero transactions and trades for 12 consecutive months is classified as inoperative / dormant and requires biometric or OTP re-activation.,"[""Dormancy triggers after 12 months zero activity"", ""Securities remain safely held in depository vault"", ""Re-activate via simple in-app identity verification""]","[""Claim deposited securities will be forfeited"", ""Charge illegal reactivation fees"", ""Permit unauthorized trading on dormant accounts""]",Synthetic Knowledge Base
KB_INV_006,Investments,Dividend Credit Mechanism,Dividends declared by companies or mutual funds are directly credited to the investor registered primary bank account via ECS/NACH on record date.,"[""Dividends credit directly to verified bank account"", ""No platform handling charge for dividend credits"", ""Track payment via dividend mandate reference in statement""]","[""Hold dividend funds in unverified wallets"", ""Guarantee dividend yields or corporate declarations"", ""Alter corporate ex-dividend dates""]",Synthetic Knowledge Base
KB_INV_007,Investments,Prohibition of Advisory and Recommendations,"The support assistant is strictly an operational workflow and is prohibited by policy from recommending specific stocks, mutual funds, or trading strategies.","[""Support is an execution and information service only"", ""No individualized investment recommendations or stock tips"", ""Consult a registered investment advisor for financial planning""]","[""Recommend buying or selling specific tickers"", ""Promise guaranteed market returns or portfolio yield"", ""Provide personalized asset allocation advice""]",Synthetic Knowledge Base
KB_INV_008,Investments,STP and SWP Order Modifications,Modifications or cancellations to Systematic Transfer Plans (STP) and Systematic Withdrawal Plans (SWP) take effect within 10 business days.,"[""STP/SWP modification SLA is 10 business days"", ""Pending cycle may execute if requested within 10 days"", ""Manage instructions in automated plans menu""]","[""Execute immediate retrospective STP cancellations"", ""Guarantee exit without applicable exit load"", ""Override asset management company processing timelines""]",Synthetic Knowledge Base
KB_INV_009,Investments,Exit Load Applicability,Equity funds typically charge a 1% exit load on units redeemed within 365 days of allocation; units redeemed after 1 year carry 0% exit load.,"[""1% exit load applies for redemptions under 365 days"", ""0% exit load after 1 year holding"", ""Exit load deducted from gross redemption proceeds""]","[""Waive contractual AMC exit load"", ""Claim all equity mutual funds are exit-load free"", ""Misrepresent redemption net proceeds""]",Synthetic Knowledge Base
KB_INV_010,Investments,Transmission of Units upon Account Holder Decease,"Transmission of mutual fund units to a registered nominee requires death certificate, succession/nomination claim form, and nominee KYC verification.","[""Requires certified death certificate and claim form"", ""Nominee must complete KYC verification"", ""Units transmitted into nominee demat / folio upon audit""]","[""Liquidate deceased account assets without legal proof"", ""Disburse funds to non-nominee third parties"", ""Bypass statutory succession legal requirements""]",Synthetic Knowledge Base
